Sujet,Verbe,PRP
cơ_quan,xin,để
Trung_tướng,trao,tặng
cơ_quan,xin,để
Chủ_tịch,bày_tỏ,quý
cơ_quan,xin,để
người,Phát_biểu,để
cán_bộ,thực_hiện,để
cơ_quan,xin,để
đại_biểu,trình_bày,nhằm
lao_động,sử_dụng,nhờ
thu_nhập,cho,tiếp_nhận
nhân_dân,tuyên_truyền,để
người,triển_khai,vì
cơ_quan,xin,để
Na_Uy,công_bố,bởi
cơ_quan,xin,để
thương_mại,nhấn_mạnh,công_nghiệp
bên,Ghi_nhận,vì
Thứ_trưởng,trân_trọng,tham_dự
cơ_quan,xin,để
cơ_quan,xin,để
Trường,đổi_mới,để
cơ_quan,xin,để
cơ_quan,xin,để
Thủ_tướng,Nêu,để
JBIC,cho,để
cơ_quan,xin,để
cơ_quan,xin,để
thương_mại,nhấn_mạnh,công_nghiệp
bên,Ghi_nhận,vì
Thứ_trưởng,trân_trọng,tham_dự
cơ_quan,xin,để
cơ_quan,xin,để
ban,yêu_cầu,bảo_đảm
quân,thực_hiện,phục_vụ
chính_quyền,phối_hợp,thăm
cơ_quan,xin,để
Đại_tướng,Khái_quát,để
cơ_quan,xin,để
giá,cho,bởi
đây,cho,bởi
giới,là,để
cơ_quan,xin,để
cơ_quan,xin,để
thương_mại,nhấn_mạnh,công_nghiệp
bên,Ghi_nhận,vì
Thứ_trưởng,trân_trọng,tham_dự
cơ_quan,xin,để
cơ_quan,xin,để
Bộ_trưởng,Đoàn,do
bên,đánh_giá,do
bên,đánh_giá,cho
ASEAN,chia_sẻ,vì
bên,nhấn_mạnh,để
cơ_quan,xin,để
cơ_quan,xin,để
học_viên,tiếp_tục,để
cơ_quan,xin,để
Trung_tướng,trao,tặng
cơ_quan,xin,để
cơ_quan,xin,để
Đại_tướng,Khái_quát,để
cơ_quan,xin,để
Trung_tướng,trao,tặng
cơ_quan,xin,để
lãnh_đạo,coi_trọng,do
cơ_quan,xin,để
cơ_quan,xin,để
Na_Uy,công_bố,bởi
cơ_quan,xin,để
cơ_quan,xin,để
Trung_tướng,trao,tặng
cơ_quan,xin,để
học_viên,tiếp_tục,để
cơ_quan,xin,để
cơ_quan,xin,để
Đoàn,tham_dự,để
Cơ_quan_chức_năng,Ảnh,do
Việc,cử,nhằm
cơ_quan,xin,để
cơ_quan,xin,để
nhiệm_vụ,theo_dõi,nghiên_cứu
cơ_quan,xin,để
chính_quyền,khẩn_trương,để
lực_lượng,chữa_cháy,để
cơ_quan,xin,để
Chủ_tịch,bày_tỏ,quý
cơ_quan,xin,để
Thủ_tướng,Nêu,để
JBIC,cho,để
cơ_quan,Báo_cáo,do
tuyên_truyền,Nổi_bật,giúp
hiệu_quả,phối_hợp,duy_trì
hiệu_quả,Phát_biểu,để
cơ_quan,xin,để
cơ_quan,xin,để
Trung_tướng,trao,tặng
cơ_quan,xin,để
cơ_quan,xin,để
cơ_quan,xin,để
Chủ_tịch,bày_tỏ,quý
cơ_quan,xin,để
Trường,đổi_mới,để
cơ_quan,xin,để
Chủ_tịch,bày_tỏ,quý
cơ_quan,xin,để
Công_an,Theo,để
Nhân,Tiến_hành,để
Công_an,làm,để
cơ_quan,xin,để
lãnh_đạo,coi_trọng,do
cơ_quan,xin,để
chính_quyền,khẩn_trương,để
lực_lượng,chữa_cháy,để
cơ_quan,xin,để
thương_mại,nhấn_mạnh,công_nghiệp
bên,Ghi_nhận,vì
Thứ_trưởng,trân_trọng,tham_dự
cơ_quan,xin,để
Thượng_tướng,dẫn_đầu,do
Việc,Trả_lời,vì
chúng_ta,thực_hiện,vì
Sức_mạnh,để,vì
Thiếu_tướng,Đoàn,do
đoàn,diễn,để
bạn_hàng,đến,để
đoàn,bày_tỏ,để
đó,cho,nhằm
cơ_quan,xin,để
nhiệm_vụ,theo_dõi,nghiên_cứu
cơ_quan,xin,để
Đoàn,tham_dự,để
Cơ_quan_chức_năng,Ảnh,do
Việc,cử,nhằm
cơ_quan,xin,để
Chủ_tịch,bày_tỏ,quý
cơ_quan,xin,để
chính_quyền,khẩn_trương,để
lực_lượng,chữa_cháy,để
cơ_quan,xin,để
người,Phát_biểu,để
cán_bộ,thực_hiện,để
cơ_quan,xin,để
chủ_trương,nhấn_mạnh,để
cơ_quan,xin,để
Bộ_Chính_trị,ban_hành,để
cơ_quan,xin,để
Đại_tướng,Khái_quát,để
cơ_quan,xin,để
chính_quyền,khẩn_trương,để
lực_lượng,chữa_cháy,để
Bộ_Chính_trị,ban_hành,để
cơ_quan,xin,để
ban,yêu_cầu,bảo_đảm
quân,thực_hiện,phục_vụ
chính_quyền,phối_hợp,thăm
lao_động,sử_dụng,nhờ
thu_nhập,cho,tiếp_nhận
nhân_dân,tuyên_truyền,để
người,triển_khai,vì
cơ_quan,xin,để
hãng,tham_dự,do
Trưởng_đoàn,đánh_giá,vì
cơ_quan,xin,để
Bộ_trưởng,Đoàn,do
bên,đánh_giá,do
bên,đánh_giá,cho
ASEAN,chia_sẻ,vì
bên,nhấn_mạnh,để
cơ_quan,xin,để
cơ_quan,xin,để
cơ_quan,xin,để
lãnh_đạo,coi_trọng,do
lao_động,sử_dụng,nhờ
thu_nhập,cho,tiếp_nhận
nhân_dân,tuyên_truyền,để
người,triển_khai,vì
cơ_quan,xin,để
Thủ_tướng,Nêu,để
JBIC,cho,để
cơ_quan,xin,để
Thủ_tướng,Nêu,để
JBIC,cho,để
Bộ_Chính_trị,ban_hành,để
cơ_quan,Báo_cáo,do
tuyên_truyền,Nổi_bật,giúp
hiệu_quả,phối_hợp,duy_trì
hiệu_quả,Phát_biểu,để
cơ_quan,xin,để
Công_an,Theo,để
Nhân,Tiến_hành,để
Công_an,làm,để
cơ_quan,Báo_cáo,do
tuyên_truyền,Nổi_bật,giúp
hiệu_quả,phối_hợp,duy_trì
hiệu_quả,Phát_biểu,để
cơ_quan,xin,để
cơ_quan,xin,để
cơ_quan,xin,để
Đoàn,tham_dự,để
Cơ_quan_chức_năng,Ảnh,do
Việc,cử,nhằm
cơ_quan,xin,để
nhiệm_vụ,theo_dõi,nghiên_cứu
cơ_quan,xin,để
Thủ_tướng,Nêu,để
JBIC,cho,để
cơ_quan,xin,để
ban,yêu_cầu,bảo_đảm
quân,thực_hiện,phục_vụ
chính_quyền,phối_hợp,thăm
cơ_quan,xin,để
Trung_tướng,trao,tặng
Chiến_lược,Theo,để
Bộ_Chính_trị,ban_hành,để
cơ_quan,xin,để
Đoàn,tham_dự,để
Cơ_quan_chức_năng,Ảnh,do
Việc,cử,nhằm
cơ_quan,xin,để
thương_mại,nhấn_mạnh,công_nghiệp
bên,Ghi_nhận,vì
Thứ_trưởng,trân_trọng,tham_dự
cơ_quan,xin,để
người,Phát_biểu,để
cán_bộ,thực_hiện,để
học_viên,tiếp_tục,để
cơ_quan,xin,để
hãng,tham_dự,do
Trưởng_đoàn,đánh_giá,vì
cơ_quan,xin,để
Chủ_tịch,bày_tỏ,quý
cơ_quan,xin,để
người,Phát_biểu,để
cán_bộ,thực_hiện,để
cơ_quan,xin,để
giá,cho,bởi
đây,cho,bởi
giới,là,để
cơ_quan,xin,để
Trường,đổi_mới,để
cơ_quan,xin,để
Công_an,Theo,để
Nhân,Tiến_hành,để
Công_an,làm,để
cơ_quan,xin,để
Na_Uy,công_bố,bởi
cơ_quan,xin,để
cơ_quan,xin,để
chính_quyền,khẩn_trương,để
lực_lượng,chữa_cháy,để
cơ_quan,xin,để
giá,cho,bởi
đây,cho,bởi
giới,là,để
cơ_quan,xin,để
chủ_trương,nhấn_mạnh,để
cơ_quan,Báo_cáo,do
tuyên_truyền,Nổi_bật,giúp
hiệu_quả,phối_hợp,duy_trì
hiệu_quả,Phát_biểu,để
cơ_quan,xin,để
giá,cho,bởi
đây,cho,bởi
giới,là,để
cơ_quan,xin,để
người,Phát_biểu,để
cán_bộ,thực_hiện,để
Bộ_Chính_trị,ban_hành,để
cơ_quan,xin,để
chính_quyền,khẩn_trương,để
lực_lượng,chữa_cháy,để
cơ_quan,xin,để
Đại_tướng,Khái_quát,để
cơ_quan,xin,để
Trường,đổi_mới,để
lao_động,sử_dụng,nhờ
thu_nhập,cho,tiếp_nhận
nhân_dân,tuyên_truyền,để
người,triển_khai,vì
cơ_quan,xin,để
Đoàn,tham_dự,để
Cơ_quan_chức_năng,Ảnh,do
Việc,cử,nhằm
cơ_quan,xin,để
chủ_trương,nhấn_mạnh,để
cơ_quan,xin,để
cơ_quan,xin,để
Thượng_tướng,dẫn_đầu,do
Việc,Trả_lời,vì
chúng_ta,thực_hiện,vì
Sức_mạnh,để,vì
Thiếu_tướng,Đoàn,do
đoàn,diễn,để
bạn_hàng,đến,để
đoàn,bày_tỏ,để
đó,cho,nhằm
cơ_quan,xin,để
đại_biểu,trình_bày,nhằm
cơ_quan,xin,để
lãnh_đạo,coi_trọng,do
cơ_quan,xin,để
chính_quyền,khẩn_trương,để
lực_lượng,chữa_cháy,để
cơ_quan,xin,để
đại_biểu,trình_bày,nhằm
cơ_quan,xin,để
học_viên,tiếp_tục,để
cơ_quan,xin,để
cơ_quan,xin,để
cơ_quan,xin,để
thương_mại,nhấn_mạnh,công_nghiệp
bên,Ghi_nhận,vì
Thứ_trưởng,trân_trọng,tham_dự
cơ_quan,xin,để
chủ_trương,nhấn_mạnh,để
cơ_quan,xin,để
Đoàn,tham_dự,để
Cơ_quan_chức_năng,Ảnh,do
Việc,cử,nhằm
cơ_quan,xin,để
Đoàn,tham_dự,để
Cơ_quan_chức_năng,Ảnh,do
Việc,cử,nhằm
cơ_quan,xin,để
Na_Uy,công_bố,bởi
cơ_quan,xin,để
hãng,tham_dự,do
Trưởng_đoàn,đánh_giá,vì
cơ_quan,xin,để
Bộ_trưởng,Đoàn,do
bên,đánh_giá,do
bên,đánh_giá,cho
ASEAN,chia_sẻ,vì
bên,nhấn_mạnh,để
cơ_quan,xin,để
Đại_tướng,Khái_quát,để
cơ_quan,Báo_cáo,do
tuyên_truyền,Nổi_bật,giúp
hiệu_quả,phối_hợp,duy_trì
hiệu_quả,Phát_biểu,để
cơ_quan,xin,để
người,Phát_biểu,để
cán_bộ,thực_hiện,để
lao_động,sử_dụng,nhờ
thu_nhập,cho,tiếp_nhận
nhân_dân,tuyên_truyền,để
người,triển_khai,vì
cơ_quan,xin,để
người,Phát_biểu,để
cán_bộ,thực_hiện,để
cơ_quan,xin,để
chính_quyền,khẩn_trương,để
lực_lượng,chữa_cháy,để
cơ_quan,xin,để
học_viên,tiếp_tục,để
cơ_quan,xin,để
Đoàn,tham_dự,để
Cơ_quan_chức_năng,Ảnh,do
Việc,cử,nhằm
Bộ_Chính_trị,ban_hành,để
cơ_quan,xin,để
Thượng_tướng,dẫn_đầu,do
Việc,Trả_lời,vì
chúng_ta,thực_hiện,vì
Sức_mạnh,để,vì
Thiếu_tướng,Đoàn,do
đoàn,diễn,để
bạn_hàng,đến,để
đoàn,bày_tỏ,để
đó,cho,nhằm
cơ_quan,xin,để
Công_an,Theo,để
Nhân,Tiến_hành,để
Công_an,làm,để
cơ_quan,xin,để
Na_Uy,công_bố,bởi
cơ_quan,xin,để
lãnh_đạo,coi_trọng,do
cơ_quan,xin,để
Thượng_tướng,dẫn_đầu,do
Việc,Trả_lời,vì
chúng_ta,thực_hiện,vì
Sức_mạnh,để,vì
Thiếu_tướng,Đoàn,do
đoàn,diễn,để
bạn_hàng,đến,để
đoàn,bày_tỏ,để
đó,cho,nhằm
cơ_quan,xin,để
Thượng_tướng,dẫn_đầu,do
Việc,Trả_lời,vì
chúng_ta,thực_hiện,vì
Sức_mạnh,để,vì
Thiếu_tướng,Đoàn,do
đoàn,diễn,để
bạn_hàng,đến,để
đoàn,bày_tỏ,để
đó,cho,nhằm
cơ_quan,xin,để
lãnh_đạo,coi_trọng,do
cơ_quan,xin,để
giá,cho,bởi
đây,cho,bởi
giới,là,để
cơ_quan,xin,để
Trường,đổi_mới,để
cơ_quan,xin,để
cơ_quan,xin,để
Bộ_trưởng,Đoàn,do
bên,đánh_giá,do
bên,đánh_giá,cho
ASEAN,chia_sẻ,vì
bên,nhấn_mạnh,để
cơ_quan,xin,để
cơ_quan,xin,để
giá,cho,bởi
đây,cho,bởi
giới,là,để
cơ_quan,xin,để
cơ_quan,xin,để
cơ_quan,xin,để
cơ_quan,xin,để
nhiệm_vụ,theo_dõi,nghiên_cứu
cơ_quan,xin,để
Bộ_trưởng,Đoàn,do
bên,đánh_giá,do
bên,đánh_giá,cho
ASEAN,chia_sẻ,vì
bên,nhấn_mạnh,để
cơ_quan,xin,để
cơ_quan,xin,để
người,Phát_biểu,để
cán_bộ,thực_hiện,để
cơ_quan,xin,để
cơ_quan,xin,để
Chủ_tịch,bày_tỏ,quý
cơ_quan,xin,để
cơ_quan,xin,để
Đại_tướng,Khái_quát,để
cơ_quan,Báo_cáo,do
tuyên_truyền,Nổi_bật,giúp
hiệu_quả,phối_hợp,duy_trì
hiệu_quả,Phát_biểu,để
cơ_quan,xin,để
lãnh_đạo,coi_trọng,do
cơ_quan,xin,để
chính_quyền,khẩn_trương,để
lực_lượng,chữa_cháy,để
cơ_quan,xin,để
Công_an,Theo,để
Nhân,Tiến_hành,để
Công_an,làm,để
Chiến_lược,Theo,để
cơ_quan,xin,để
đại_biểu,trình_bày,nhằm
Chiến_lược,Theo,để
cơ_quan,xin,để
chủ_trương,nhấn_mạnh,để
cơ_quan,xin,để
Trường,đổi_mới,để
cơ_quan,xin,để
người,Phát_biểu,để
cán_bộ,thực_hiện,để
cơ_quan,xin,để
đại_biểu,trình_bày,nhằm
cơ_quan,xin,để
cơ_quan,xin,để
cơ_quan,xin,để
Bộ_trưởng,Đoàn,do
bên,đánh_giá,do
bên,đánh_giá,cho
ASEAN,chia_sẻ,vì
bên,nhấn_mạnh,để
cơ_quan,xin,để
lãnh_đạo,coi_trọng,do
cơ_quan,xin,để
đại_biểu,trình_bày,nhằm
cơ_quan,xin,để
Đoàn,tham_dự,để
Cơ_quan_chức_năng,Ảnh,do
Việc,cử,nhằm
cơ_quan,xin,để
ban,yêu_cầu,bảo_đảm
quân,thực_hiện,phục_vụ
chính_quyền,phối_hợp,thăm
Chiến_lược,Theo,để
cơ_quan,xin,để
học_viên,tiếp_tục,để
cơ_quan,xin,để
cơ_quan,xin,để
Công_an,Theo,để
Nhân,Tiến_hành,để
Công_an,làm,để
cơ_quan,xin,để
Đoàn,tham_dự,để
Cơ_quan_chức_năng,Ảnh,do
Việc,cử,nhằm
cơ_quan,xin,để
người,Phát_biểu,để
cán_bộ,thực_hiện,để
cơ_quan,xin,để
giá,cho,bởi
đây,cho,bởi
giới,là,để
cơ_quan,xin,để
nhiệm_vụ,theo_dõi,nghiên_cứu
cơ_quan,xin,để
Bộ_trưởng,Đoàn,do
bên,đánh_giá,do
bên,đánh_giá,cho
ASEAN,chia_sẻ,vì
bên,nhấn_mạnh,để
cơ_quan,xin,để
cơ_quan,xin,để
nhiệm_vụ,theo_dõi,nghiên_cứu
cơ_quan,xin,để
học_viên,tiếp_tục,để
cơ_quan,xin,để
Công_an,Theo,để
Nhân,Tiến_hành,để
Công_an,làm,để
cơ_quan,xin,để
Công_an,Theo,để
Nhân,Tiến_hành,để
Công_an,làm,để
cơ_quan,xin,để
Trung_tướng,trao,tặng
cơ_quan,xin,để
nhiệm_vụ,theo_dõi,nghiên_cứu
cơ_quan,xin,để
Đại_tướng,Khái_quát,để
cơ_quan,xin,để
Đại_tướng,Khái_quát,để
cơ_quan,xin,để
lao_động,sử_dụng,nhờ
thu_nhập,cho,tiếp_nhận
nhân_dân,tuyên_truyền,để
người,triển_khai,vì
cơ_quan,xin,để
đại_biểu,trình_bày,nhằm
cơ_quan,xin,để
Chiến_lược,Theo,để
cơ_quan,xin,để
Na_Uy,công_bố,bởi
cơ_quan,xin,để
người,Phát_biểu,để
cán_bộ,thực_hiện,để
cơ_quan,xin,để
Trung_tướng,trao,tặng
cơ_quan,xin,để
đại_biểu,trình_bày,nhằm
cơ_quan,xin,để
chủ_trương,nhấn_mạnh,để
cơ_quan,xin,để
chính_quyền,khẩn_trương,để
lực_lượng,chữa_cháy,để
lao_động,sử_dụng,nhờ
thu_nhập,cho,tiếp_nhận
nhân_dân,tuyên_truyền,để
người,triển_khai,vì
cơ_quan,xin,để
chính_quyền,khẩn_trương,để
lực_lượng,chữa_cháy,để
cơ_quan,xin,để
cơ_quan,xin,để
cơ_quan,xin,để
cơ_quan,xin,để
cơ_quan,xin,để
ban,yêu_cầu,bảo_đảm
quân,thực_hiện,phục_vụ
chính_quyền,phối_hợp,thăm
lao_động,sử_dụng,nhờ
thu_nhập,cho,tiếp_nhận
nhân_dân,tuyên_truyền,để
người,triển_khai,vì
cơ_quan,xin,để
nhiệm_vụ,theo_dõi,nghiên_cứu
cơ_quan,xin,để
Bộ_trưởng,Đoàn,do
bên,đánh_giá,do
bên,đánh_giá,cho
ASEAN,chia_sẻ,vì
bên,nhấn_mạnh,để
cơ_quan,xin,để
cơ_quan,xin,để
Trường,đổi_mới,để
cơ_quan,xin,để
Bộ_trưởng,Đoàn,do
bên,đánh_giá,do
bên,đánh_giá,cho
ASEAN,chia_sẻ,vì
bên,nhấn_mạnh,để
cơ_quan,xin,để
giá,cho,bởi
đây,cho,bởi
giới,là,để
cơ_quan,xin,để
thương_mại,nhấn_mạnh,công_nghiệp
bên,Ghi_nhận,vì
Thứ_trưởng,trân_trọng,tham_dự
cơ_quan,xin,để
Chủ_tịch,bày_tỏ,quý
cơ_quan,xin,để
học_viên,tiếp_tục,để
cơ_quan,xin,để
ban,yêu_cầu,bảo_đảm
quân,thực_hiện,phục_vụ
chính_quyền,phối_hợp,thăm
cơ_quan,xin,để
cơ_quan,xin,để
thương_mại,nhấn_mạnh,công_nghiệp
bên,Ghi_nhận,vì
Thứ_trưởng,trân_trọng,tham_dự
cơ_quan,xin,để
người,Phát_biểu,để
cán_bộ,thực_hiện,để
cơ_quan,xin,để
Thủ_tướng,Nêu,để
JBIC,cho,để
cơ_quan,xin,để
đại_biểu,trình_bày,nhằm
cơ_quan,xin,để
lãnh_đạo,coi_trọng,do
cơ_quan,xin,để
Bộ_trưởng,Đoàn,do
bên,đánh_giá,do
bên,đánh_giá,cho
ASEAN,chia_sẻ,vì
bên,nhấn_mạnh,để
cơ_quan,xin,để
lãnh_đạo,coi_trọng,do
cơ_quan,xin,để
hãng,tham_dự,do
Trưởng_đoàn,đánh_giá,vì
cơ_quan,xin,để
đại_biểu,trình_bày,nhằm
cơ_quan,xin,để
cơ_quan,xin,để
ban,yêu_cầu,bảo_đảm
quân,thực_hiện,phục_vụ
chính_quyền,phối_hợp,thăm
cơ_quan,xin,để
học_viên,tiếp_tục,để
cơ_quan,xin,để
cơ_quan,xin,để
Thủ_tướng,Nêu,để
JBIC,cho,để
cơ_quan,xin,để
ban,yêu_cầu,bảo_đảm
quân,thực_hiện,phục_vụ
chính_quyền,phối_hợp,thăm
cơ_quan,xin,để
Đại_tướng,Khái_quát,để
cơ_quan,xin,để
chính_quyền,khẩn_trương,để
lực_lượng,chữa_cháy,để
cơ_quan,xin,để
Thượng_tướng,dẫn_đầu,do
Việc,Trả_lời,vì
chúng_ta,thực_hiện,vì
Sức_mạnh,để,vì
Thiếu_tướng,Đoàn,do
đoàn,diễn,để
bạn_hàng,đến,để
đoàn,bày_tỏ,để
đó,cho,nhằm
cơ_quan,xin,để
Trung_tướng,trao,tặng
cơ_quan,xin,để
cơ_quan,xin,để
Chủ_tịch,bày_tỏ,quý
Chiến_lược,Theo,để
cơ_quan,xin,để
cơ_quan,xin,để
Thủ_tướng,Nêu,để
JBIC,cho,để
cơ_quan,xin,để
Thượng_tướng,dẫn_đầu,do
Việc,Trả_lời,vì
chúng_ta,thực_hiện,vì
Sức_mạnh,để,vì
Thiếu_tướng,Đoàn,do
đoàn,diễn,để
bạn_hàng,đến,để
đoàn,bày_tỏ,để
đó,cho,nhằm
cơ_quan,xin,để
cơ_quan,xin,để
Công_an,Theo,để
Nhân,Tiến_hành,để
Công_an,làm,để
cơ_quan,xin,để
thương_mại,nhấn_mạnh,công_nghiệp
bên,Ghi_nhận,vì
Thứ_trưởng,trân_trọng,tham_dự
cơ_quan,xin,để
Thượng_tướng,dẫn_đầu,do
Việc,Trả_lời,vì
chúng_ta,thực_hiện,vì
Sức_mạnh,để,vì
Thiếu_tướng,Đoàn,do
đoàn,diễn,để
bạn_hàng,đến,để
đoàn,bày_tỏ,để
đó,cho,nhằm
cơ_quan,xin,để
Công_an,Theo,để
Nhân,Tiến_hành,để
Công_an,làm,để
cơ_quan,xin,để
Bộ_trưởng,Đoàn,do
bên,đánh_giá,do
bên,đánh_giá,cho
ASEAN,chia_sẻ,vì
bên,nhấn_mạnh,để
cơ_quan,xin,để
nhiệm_vụ,theo_dõi,nghiên_cứu
cơ_quan,xin,để
cơ_quan,xin,để
chủ_trương,nhấn_mạnh,để
cơ_quan,xin,để
Chủ_tịch,bày_tỏ,quý
Chiến_lược,Theo,để
cơ_quan,xin,để
cơ_quan,xin,để
cơ_quan,xin,để
Đoàn,tham_dự,để
Cơ_quan_chức_năng,Ảnh,do
Việc,cử,nhằm
cơ_quan,xin,để
Na_Uy,công_bố,bởi
cơ_quan,xin,để
Na_Uy,công_bố,bởi
cơ_quan,xin,để
Đoàn,tham_dự,để
Cơ_quan_chức_năng,Ảnh,do
Việc,cử,nhằm
cơ_quan,xin,để
Bộ_trưởng,Đoàn,do
bên,đánh_giá,do
bên,đánh_giá,cho
ASEAN,chia_sẻ,vì
bên,nhấn_mạnh,để
cơ_quan,xin,để
người,Phát_biểu,để
cán_bộ,thực_hiện,để
cơ_quan,xin,để
hãng,tham_dự,do
Trưởng_đoàn,đánh_giá,vì
cơ_quan,xin,để
thương_mại,nhấn_mạnh,công_nghiệp
bên,Ghi_nhận,vì
Thứ_trưởng,trân_trọng,tham_dự
Chiến_lược,Theo,để
cơ_quan,xin,để
cơ_quan,xin,để
đại_biểu,trình_bày,nhằm
cơ_quan,xin,để
nhiệm_vụ,theo_dõi,nghiên_cứu
cơ_quan,xin,để
thương_mại,nhấn_mạnh,công_nghiệp
bên,Ghi_nhận,vì
Thứ_trưởng,trân_trọng,tham_dự
cơ_quan,xin,để
giá,cho,bởi
đây,cho,bởi
giới,là,để
cơ_quan,xin,để
Trường,đổi_mới,để
cơ_quan,xin,để
hãng,tham_dự,do
Trưởng_đoàn,đánh_giá,vì
cơ_quan,xin,để
giá,cho,bởi
đây,cho,bởi
giới,là,để
cơ_quan,xin,để
học_viên,tiếp_tục,để
cơ_quan,Báo_cáo,do
tuyên_truyền,Nổi_bật,giúp
hiệu_quả,phối_hợp,duy_trì
hiệu_quả,Phát_biểu,để
cơ_quan,xin,để
thương_mại,nhấn_mạnh,công_nghiệp
bên,Ghi_nhận,vì
Thứ_trưởng,trân_trọng,tham_dự
cơ_quan,xin,để
Trường,đổi_mới,để
cơ_quan,xin,để
Na_Uy,công_bố,bởi
cơ_quan,xin,để
Thượng_tướng,dẫn_đầu,do
Việc,Trả_lời,vì
chúng_ta,thực_hiện,vì
Sức_mạnh,để,vì
Thiếu_tướng,Đoàn,do
đoàn,diễn,để
bạn_hàng,đến,để
đoàn,bày_tỏ,để
đó,cho,nhằm
cơ_quan,xin,để
Đại_tướng,Khái_quát,để
cơ_quan,xin,để
chủ_trương,nhấn_mạnh,để
cơ_quan,xin,để
Bộ_trưởng,Đoàn,do
bên,đánh_giá,do
bên,đánh_giá,cho
ASEAN,chia_sẻ,vì
bên,nhấn_mạnh,để
cơ_quan,xin,để
Na_Uy,công_bố,bởi
cơ_quan,xin,để
lãnh_đạo,coi_trọng,do
cơ_quan,xin,để
Chủ_tịch,bày_tỏ,quý
cơ_quan,xin,để
đại_biểu,trình_bày,nhằm
cơ_quan,xin,để
Chủ_tịch,bày_tỏ,quý
cơ_quan,xin,để
Trường,đổi_mới,để
cơ_quan,Báo_cáo,do
tuyên_truyền,Nổi_bật,giúp
hiệu_quả,phối_hợp,duy_trì
hiệu_quả,Phát_biểu,để
cơ_quan,xin,để
cơ_quan,xin,để
Chủ_tịch,bày_tỏ,quý
Chiến_lược,Theo,để
cơ_quan,xin,để
lao_động,sử_dụng,nhờ
thu_nhập,cho,tiếp_nhận
nhân_dân,tuyên_truyền,để
người,triển_khai,vì
cơ_quan,xin,để
đại_biểu,trình_bày,nhằm
cơ_quan,xin,để
nhiệm_vụ,theo_dõi,nghiên_cứu
cơ_quan,xin,để
cơ_quan,xin,để
cơ_quan,xin,để
cơ_quan,xin,để
lãnh_đạo,coi_trọng,do
cơ_quan,Báo_cáo,do
tuyên_truyền,Nổi_bật,giúp
hiệu_quả,phối_hợp,duy_trì
hiệu_quả,Phát_biểu,để
cơ_quan,xin,để
ban,yêu_cầu,bảo_đảm
quân,thực_hiện,phục_vụ
chính_quyền,phối_hợp,thăm
cơ_quan,xin,để
Trường,đổi_mới,để
Bộ_Chính_trị,ban_hành,để
cơ_quan,xin,để
học_viên,tiếp_tục,để
Chiến_lược,Theo,để
cơ_quan,xin,để
Trường,đổi_mới,để
cơ_quan,xin,để
đại_biểu,trình_bày,nhằm
cơ_quan,xin,để
Thủ_tướng,Nêu,để
JBIC,cho,để
cơ_quan,xin,để
Chủ_tịch,bày_tỏ,quý
cơ_quan,xin,để
Na_Uy,công_bố,bởi
cơ_quan,xin,để
chính_quyền,khẩn_trương,để
lực_lượng,chữa_cháy,để
cơ_quan,xin,để
nhiệm_vụ,theo_dõi,nghiên_cứu
cơ_quan,Báo_cáo,do
tuyên_truyền,Nổi_bật,giúp
hiệu_quả,phối_hợp,duy_trì
hiệu_quả,Phát_biểu,để
cơ_quan,xin,để
ban,yêu_cầu,bảo_đảm
quân,thực_hiện,phục_vụ
chính_quyền,phối_hợp,thăm
Bộ_Chính_trị,ban_hành,để
cơ_quan,xin,để
hãng,tham_dự,do
Trưởng_đoàn,đánh_giá,vì
Bộ_Chính_trị,ban_hành,để
cơ_quan,xin,để
hãng,tham_dự,do
Trưởng_đoàn,đánh_giá,vì
cơ_quan,xin,để
Thủ_tướng,Nêu,để
JBIC,cho,để
Bộ_Chính_trị,ban_hành,để
cơ_quan,xin,để
Thượng_tướng,dẫn_đầu,do
Việc,Trả_lời,vì
chúng_ta,thực_hiện,vì
Sức_mạnh,để,vì
Thiếu_tướng,Đoàn,do
đoàn,diễn,để
bạn_hàng,đến,để
đoàn,bày_tỏ,để
đó,cho,nhằm
cơ_quan,xin,để
hãng,tham_dự,do
Trưởng_đoàn,đánh_giá,vì
cơ_quan,xin,để
học_viên,tiếp_tục,để
cơ_quan,xin,để
cơ_quan,xin,để
ban,yêu_cầu,bảo_đảm
quân,thực_hiện,phục_vụ
chính_quyền,phối_hợp,thăm
cơ_quan,xin,để
chủ_trương,nhấn_mạnh,để
cơ_quan,xin,để
Thủ_tướng,Nêu,để
JBIC,cho,để
cơ_quan,xin,để
ban,yêu_cầu,bảo_đảm
quân,thực_hiện,phục_vụ
chính_quyền,phối_hợp,thăm
cơ_quan,xin,để
Công_an,Theo,để
Nhân,Tiến_hành,để
Công_an,làm,để
cơ_quan,xin,để
Thượng_tướng,dẫn_đầu,do
Việc,Trả_lời,vì
chúng_ta,thực_hiện,vì
Sức_mạnh,để,vì
Thiếu_tướng,Đoàn,do
đoàn,diễn,để
bạn_hàng,đến,để
đoàn,bày_tỏ,để
đó,cho,nhằm
cơ_quan,xin,để
chủ_trương,nhấn_mạnh,để
cơ_quan,xin,để
hãng,tham_dự,do
Trưởng_đoàn,đánh_giá,vì
cơ_quan,xin,để
Na_Uy,công_bố,bởi
cơ_quan,xin,để
học_viên,tiếp_tục,để
cơ_quan,xin,để
Thủ_tướng,Nêu,để
JBIC,cho,để
cơ_quan,xin,để
thương_mại,nhấn_mạnh,công_nghiệp
bên,Ghi_nhận,vì
Thứ_trưởng,trân_trọng,tham_dự
cơ_quan,xin,để
Thượng_tướng,dẫn_đầu,do
Việc,Trả_lời,vì
chúng_ta,thực_hiện,vì
Sức_mạnh,để,vì
Thiếu_tướng,Đoàn,do
đoàn,diễn,để
bạn_hàng,đến,để
đoàn,bày_tỏ,để
đó,cho,nhằm
cơ_quan,xin,để
chủ_trương,nhấn_mạnh,để
cơ_quan,xin,để
lãnh_đạo,coi_trọng,do
cơ_quan,xin,để
Thủ_tướng,Nêu,để
JBIC,cho,để
cơ_quan,xin,để
Na_Uy,công_bố,bởi
cơ_quan,xin,để
Đại_tướng,Khái_quát,để
cơ_quan,xin,để
Trung_tướng,trao,tặng
cơ_quan,Báo_cáo,do
tuyên_truyền,Nổi_bật,giúp
hiệu_quả,phối_hợp,duy_trì
hiệu_quả,Phát_biểu,để
cơ_quan,xin,để
hãng,tham_dự,do
Trưởng_đoàn,đánh_giá,vì
cơ_quan,xin,để
Công_an,Theo,để
Nhân,Tiến_hành,để
Công_an,làm,để
Chiến_lược,Theo,để
cơ_quan,xin,để
Thượng_tướng,dẫn_đầu,do
Việc,Trả_lời,vì
chúng_ta,thực_hiện,vì
Sức_mạnh,để,vì
Thiếu_tướng,Đoàn,do
đoàn,diễn,để
bạn_hàng,đến,để
đoàn,bày_tỏ,để
đó,cho,nhằm
cơ_quan,xin,để
Đoàn,tham_dự,để
Cơ_quan_chức_năng,Ảnh,do
Việc,cử,nhằm
cơ_quan,xin,để
cơ_quan,xin,để
giá,cho,bởi
đây,cho,bởi
giới,là,để
cơ_quan,xin,để
học_viên,tiếp_tục,để
cơ_quan,xin,để
thương_mại,nhấn_mạnh,công_nghiệp
bên,Ghi_nhận,vì
Thứ_trưởng,trân_trọng,tham_dự
Chiến_lược,Theo,để
cơ_quan,xin,để
Đại_tướng,Khái_quát,để
cơ_quan,xin,để
cơ_quan,xin,để
hãng,tham_dự,do
Trưởng_đoàn,đánh_giá,vì
cơ_quan,xin,để
nhiệm_vụ,theo_dõi,nghiên_cứu
Bộ_Chính_trị,ban_hành,để
cơ_quan,xin,để
cơ_quan,xin,để
Bộ_Chính_trị,ban_hành,để
Bộ_Chính_trị,ban_hành,để
cơ_quan,xin,để
giá,cho,bởi
đây,cho,bởi
giới,là,để
Chiến_lược,Theo,để
cơ_quan,xin,để
chủ_trương,nhấn_mạnh,để
cơ_quan,xin,để
hãng,tham_dự,do
Trưởng_đoàn,đánh_giá,vì
lao_động,sử_dụng,nhờ
thu_nhập,cho,tiếp_nhận
nhân_dân,tuyên_truyền,để
người,triển_khai,vì
cơ_quan,xin,để
Trung_tướng,trao,tặng
cơ_quan,xin,để
Na_Uy,công_bố,bởi
cơ_quan,xin,để
Công_an,Theo,để
Nhân,Tiến_hành,để
Công_an,làm,để
cơ_quan,xin,để
Trường,đổi_mới,để
cơ_quan,xin,để
cơ_quan,xin,để
nhiệm_vụ,theo_dõi,nghiên_cứu
cơ_quan,xin,để
ban,yêu_cầu,bảo_đảm
quân,thực_hiện,phục_vụ
chính_quyền,phối_hợp,thăm
cơ_quan,xin,để
người,Phát_biểu,để
cán_bộ,thực_hiện,để
cơ_quan,xin,để
chính_quyền,khẩn_trương,để
lực_lượng,chữa_cháy,để
lao_động,sử_dụng,nhờ
thu_nhập,cho,tiếp_nhận
nhân_dân,tuyên_truyền,để
người,triển_khai,vì
cơ_quan,xin,để
Đoàn,tham_dự,để
Cơ_quan_chức_năng,Ảnh,do
Việc,cử,nhằm
cơ_quan,xin,để
Trung_tướng,trao,tặng
cơ_quan,xin,để
Đoàn,tham_dự,để
Cơ_quan_chức_năng,Ảnh,do
Việc,cử,nhằm
cơ_quan,xin,để
Trường,đổi_mới,để
cơ_quan,xin,để
chủ_trương,nhấn_mạnh,để
cơ_quan,xin,để
cơ_quan,xin,để
Thượng_tướng,dẫn_đầu,do
Việc,Trả_lời,vì
chúng_ta,thực_hiện,vì
Sức_mạnh,để,vì
Thiếu_tướng,Đoàn,do
đoàn,diễn,để
bạn_hàng,đến,để
đoàn,bày_tỏ,để
đó,cho,nhằm
cơ_quan,xin,để
Na_Uy,công_bố,bởi
cơ_quan,xin,để
lao_động,sử_dụng,nhờ
thu_nhập,cho,tiếp_nhận
nhân_dân,tuyên_truyền,để
người,triển_khai,vì
cơ_quan,xin,để
Chủ_tịch,bày_tỏ,quý
cơ_quan,xin,để
chủ_trương,nhấn_mạnh,để
cơ_quan,xin,để
Đại_tướng,Khái_quát,để
cơ_quan,Báo_cáo,do
tuyên_truyền,Nổi_bật,giúp
hiệu_quả,phối_hợp,duy_trì
hiệu_quả,Phát_biểu,để
lao_động,sử_dụng,nhờ
thu_nhập,cho,tiếp_nhận
nhân_dân,tuyên_truyền,để
người,triển_khai,vì
cơ_quan,xin,để
Thủ_tướng,Nêu,để
JBIC,cho,để
cơ_quan,xin,để
lãnh_đạo,coi_trọng,do
cơ_quan,xin,để
chính_quyền,khẩn_trương,để
lực_lượng,chữa_cháy,để
lao_động,sử_dụng,nhờ
thu_nhập,cho,tiếp_nhận
nhân_dân,tuyên_truyền,để
người,triển_khai,vì
cơ_quan,xin,để
Đại_tướng,Khái_quát,để
cơ_quan,xin,để
chủ_trương,nhấn_mạnh,để
cơ_quan,Báo_cáo,do
tuyên_truyền,Nổi_bật,giúp
hiệu_quả,phối_hợp,duy_trì
hiệu_quả,Phát_biểu,để
cơ_quan,xin,để
Trung_tướng,trao,tặng
cơ_quan,xin,để
giá,cho,bởi
đây,cho,bởi
giới,là,để
cơ_quan,xin,để
người,Phát_biểu,để
cán_bộ,thực_hiện,để
cơ_quan,xin,để
ban,yêu_cầu,bảo_đảm
quân,thực_hiện,phục_vụ
chính_quyền,phối_hợp,thăm
Bộ_Chính_trị,ban_hành,để
cơ_quan,xin,để
giá,cho,bởi
đây,cho,bởi
giới,là,để
cơ_quan,Báo_cáo,do
tuyên_truyền,Nổi_bật,giúp
hiệu_quả,phối_hợp,duy_trì
hiệu_quả,Phát_biểu,để
cơ_quan,xin,để
Công_an,Theo,để
Nhân,Tiến_hành,để
Công_an,làm,để
cơ_quan,xin,để
học_viên,tiếp_tục,để
cơ_quan,xin,để
cơ_quan,xin,để
Trung_tướng,trao,tặng
cơ_quan,xin,để
giá,cho,bởi
đây,cho,bởi
giới,là,để
cơ_quan,xin,để
thương_mại,nhấn_mạnh,công_nghiệp
bên,Ghi_nhận,vì
Thứ_trưởng,trân_trọng,tham_dự
cơ_quan,xin,để
Đại_tướng,Khái_quát,để
cơ_quan,xin,để
cơ_quan,xin,để
đại_biểu,trình_bày,nhằm
cơ_quan,xin,để
cơ_quan,xin,để
cơ_quan,xin,để
Công_an,Theo,để
Nhân,Tiến_hành,để
Công_an,làm,để
cơ_quan,xin,để
học_viên,tiếp_tục,để
lao_động,sử_dụng,nhờ
thu_nhập,cho,tiếp_nhận
nhân_dân,tuyên_truyền,để
người,triển_khai,vì
cơ_quan,xin,để
nhiệm_vụ,theo_dõi,nghiên_cứu
cơ_quan,xin,để
cơ_quan,xin,để
cơ_quan,xin,để
Thượng_tướng,dẫn_đầu,do
Việc,Trả_lời,vì
chúng_ta,thực_hiện,vì
Sức_mạnh,để,vì
Thiếu_tướng,Đoàn,do
đoàn,diễn,để
bạn_hàng,đến,để
đoàn,bày_tỏ,để
đó,cho,nhằm
Chiến_lược,Theo,để
Bộ_Chính_trị,ban_hành,để
cơ_quan,xin,để
ban,yêu_cầu,bảo_đảm
quân,thực_hiện,phục_vụ
chính_quyền,phối_hợp,thăm
cơ_quan,xin,để
Trường,đổi_mới,để
cơ_quan,xin,để
Bộ_trưởng,Đoàn,do
bên,đánh_giá,do
bên,đánh_giá,cho
ASEAN,chia_sẻ,vì
bên,nhấn_mạnh,để
cơ_quan,xin,để
Bộ_trưởng,Đoàn,do
bên,đánh_giá,do
bên,đánh_giá,cho
ASEAN,chia_sẻ,vì
bên,nhấn_mạnh,để
cơ_quan,xin,để
Thủ_tướng,Nêu,để
JBIC,cho,để
cơ_quan,Báo_cáo,do
tuyên_truyền,Nổi_bật,giúp
hiệu_quả,phối_hợp,duy_trì
hiệu_quả,Phát_biểu,để
cơ_quan,xin,để
lãnh_đạo,coi_trọng,do
cơ_quan,xin,để
Trung_tướng,trao,tặng
cơ_quan,xin,để
hãng,tham_dự,do
Trưởng_đoàn,đánh_giá,vì
cơ_quan,xin,để
hãng,tham_dự,do
Trưởng_đoàn,đánh_giá,vì
Chiến_lược,Theo,để
cơ_quan,xin,để
cơ_quan,xin,để
